Galactus,Male,black,Cosmic_Entity,Black,Marvel_Comics,normal,neutral
Toad,Male,black,Mutant,Brown,Marvel_Comics,green,neutral
Juggernaut,Male,blue,Human,Red,Marvel_Comics,normal,neutral
Sentry,Male,blue,Mutant,Blond,Marvel_Comics,normal,neutral
Gladiator,Male,blue,Strontian,Blue,Marvel_Comics,purple,neutral
AntiVenom,Male,blue,Symbiote,Blond,Marvel_Comics,normal,neutral
Sandman,Male,brown,Human,Brown,Marvel_Comics,normal,neutral
Deadpool,Male,brown,Mutant,-,Marvel_Comics,normal,neutral
Blackwulf,Male,red,Alien,White,Marvel_Comics,normal,neutral
Red_Hulk,Male,yellow,Human_Radiation,Black,Marvel_Comics,red,neutral
Black_Flash,Male,black,God_Eternal,-,DC_Comics,normal,neutral
Bizarro,Male,black,Bizarro,Black,DC_Comics,white,neutral
Sinestro,Male,black,Korugaran,Black,DC_Comics,red,neutral
Red_Hood,Male,blue,Human,Black,DC_Comics,normal,neutral
Trickster,Male,blue,Human,Blond,DC_Comics,normal,neutral
Deathstroke,Male,blue,Human,White,DC_Comics,normal,neutral
The_Comedian,Male,brown,Human,Black,DC_Comics,normal,neutral
Captain_Cold,Male,brown,Human,Brown,DC_Comics,normal,neutral
ManBat,Male,brown,Human,Brown,DC_Comics,normal,neutral
Lobo,Male,red,Czarnian,Black,DC_Comics,blue_white,neutral
Etrigan,Male,red,Demon,-,DC_Comics,yellow,neutral
Agent_Zero,Male,black,-,-,Marvel_Comics,normal,good
Beta_Ray_Bill,Male,black,-,-,Marvel_Comics,normal,good
Black_Goliath,Male,black,-,-,Marvel_Comics,normal,good
Bolt,Male,black,-,-,Marvel_Comics,normal,good
Box,Male,black,-,-,Marvel_Comics,normal,good
Bumbleboy,Male,black,-,-,Marvel_Comics,normal,good
Ghost_Rider_II,Male,black,-,-,Marvel_Comics,normal,good
GiantMan_II,Male,black,-,-,Marvel_Comics,normal,good
Goliath,Male,black,-,-,Marvel_Comics,normal,good
Green_Goblin_III,Male,black,-,-,Marvel_Comics,normal,good
Leech,Male,black,-,-,Marvel_Comics,normal,good
Speedball,Male,black,-,-,Marvel_Comics,normal,good
Stardust,Male,black,-,-,Marvel_Comics,normal,good
Thunderbird_II,Male,black,-,-,Marvel_Comics,normal,good
Vindicator,Male,black,-,-,Marvel_Comics,normal,good
Watcher,Male,black,-,-,Marvel_Comics,normal,good
Beyonder,Male,black,God_Eternal,-,Marvel_Comics,normal,good
GiantMan,Male,black,Human,-,Marvel_Comics,normal,good
Goliath,Male,black,Human,-,Marvel_Comics,normal,good
Goliath,Male,black,Human,-,Marvel_Comics,normal,good
Power_Man,Male,black,Mutant,-,Marvel_Comics,normal,good
Vulcan,Male,black,-,Black,Marvel_Comics,normal,good
Beak,Male,black,-,White,Marvel_Comics,normal,good
Bloodhawk,Male,black,Mutant,-,Marvel_Comics,normal,good
Toxin,Male,black,Symbiote,Blond,Marvel_Comics,normal,good
Maverick,Male,blue,-,Black,Marvel_Comics,normal,good
Northstar,Male,blue,-,Black,Marvel_Comics,normal,good
Angel,Male,blue,-,Blond,Marvel_Comics,normal,good
Cannonball,Male,blue,-,Blond,Marvel_Comics,normal,good
Captain_Marvell,Male,blue,-,Blond,Marvel_Comics,normal,good
Genesis,Male,blue,-,Blond,Marvel_Comics,normal,good
Penance_II,Male,blue,-,Blond,Marvel_Comics,normal,good
Thunderstrike,Male,blue,-,Blond,Marvel_Comics,normal,good
Multiple_Man,Male,blue,-,Brown,Marvel_Comics,normal,good
XMan,Male,blue,-,Brown,Marvel_Comics,normal,good
Crimson_Crusader,Male,blue,-,Strawberry_Blond,Marvel_Comics,normal,good
Thor,Male,blue,Asgardian,Blond,Marvel_Comics,normal,good
Hercules,Male,blue,Demi_God,Brown,Marvel_Comics,normal,good
Hyperion,Male,blue,Eternal,Red,Marvel_Comics,normal,good
Odin,Male,blue,God_Eternal,White,Marvel_Comics,normal,good
Iron_Man,Male,blue,Human,Black,Marvel_Comics,normal,good
Punisher,Male,blue,Human,Black,Marvel_Comics,normal,good
AntMan,Male,blue,Human,Blond,Marvel_Comics,normal,good
AntMan_II,Male,blue,Human,Blond,Marvel_Comics,normal,good
Captain_America,Male,blue,Human,blond,Marvel_Comics,normal,good
Captain_Britain,Male,blue,Human,Blond,Marvel_Comics,normal,good
Hawkeye,Male,blue,Human,Blond,Marvel_Comics,normal,good
Iron_Fist,Male,blue,Human,Blond,Marvel_Comics,normal,good
Longshot,Male,blue,Human,Blond,Marvel_Comics,normal,good
Ronin,Male,blue,Human,Blond,Marvel_Comics,normal,good
Scarlet_Spider,Male,blue,Human,Blond,Marvel_Comics,normal,good
Yellowjacket,Male,blue,Human,Blond,Marvel_Comics,normal,good
Gravity,Male,blue,Human,Brown,Marvel_Comics,normal,good
Daredevil,Male,blue,Human,Red,Marvel_Comics,normal,good
Thing,Male,blue,Human_Radiation,-,Marvel_Comics,normal,good
Human_Torch,Male,blue,Human_Radiation,Blond,Marvel_Comics,normal,good
Doc_Samson,Male,blue,Human_Radiation,Green,Marvel_Comics,normal,good
StarLord,Male,blue,human_Spartoi,Blond,Marvel_Comics,normal,good
Black_Bolt,Male,blue,Inhuman,Black,Marvel_Comics,normal,good
Ink,Male,blue,Mutant,-,Marvel_Comics,normal,good
Professor_X,Male,blue,Mutant,-,Marvel_Comics,normal,good
Wolverine,Male,blue,Mutant,Black,Marvel_Comics,normal,good
Franklin_Richards,Male,blue,Mutant,Blond,Marvel_Comics,normal,good
Havok,Male,blue,Mutant,Blond,Marvel_Comics,normal,good
Mr_Immortal,Male,blue,Mutant,Blond,Marvel_Comics,normal,good
Archangel,Male,blue,Mutant,Blond,Marvel_Comics,blue,good
Beast,Male,blue,Mutant,Blue,Marvel_Comics,blue,good
Quicksilver,Male,blue,Mutant,Silver,Marvel_Comics,normal,good
Cable,Male,blue,Mutant,White,Marvel_Comics,normal,good
Jack_of_Hearts,Male,blue_white,Human,Brown,Marvel_Comics,normal,good
Crimson_Dynamo,Male,brown,-,-,Marvel_Comics,normal,good
ManWolf,Male,brown,-,Auburn,Marvel_Comics,normal,good
Bantam,Male,brown,-,Black,Marvel_Comics,normal,good
Battlestar,Male,brown,-,Black,Marvel_Comics,normal,good
Cloak,Male,brown,-,black,Marvel_Comics,normal,good
Goliath_IV,Male,brown,-,Black,Marvel_Comics,normal,good
John_Wraith,Male,brown,-,Black,Marvel_Comics,normal,good
Synch,Male,brown,-,Black,Marvel_Comics,normal,good
Thunderbird,Male,brown,-,Black,Marvel_Comics,normal,good
Thunderbird_III,Male,brown,-,Black,Marvel_Comics,normal,good
Wyatt_Wingfoot,Male,brown,-,Black,Marvel_Comics,normal,good
Ares,Male,brown,-,Brown,Marvel_Comics,normal,good
Corsair,Male,brown,-,Brown,Marvel_Comics,normal,good
Mimic,Male,brown,-,Brown,Marvel_Comics,normal,good
Quill,Male,brown,-,Brown,Marvel_Comics,normal,good
Shatterstar,Male,brown,-,Red,Marvel_Comics,normal,good
Howard_the_Duck,Male,brown,-,Yellow,Marvel_Comics,normal,good
Rocket_Raccoon,Male,brown,Animal,Brown,Marvel_Comics,normal,good
Scarlet_Spider_II,Male,brown,Clone,Brown,Marvel_Comics,normal,good
Deathlok,Male,brown,Cyborg,Grey,Marvel_Comics,normal,good
Black_Panther,Male,brown,Human,Black,Marvel_Comics,normal,good
Falcon,Male,brown,Human,Black,Marvel_Comics,normal,good
Guardian,Male,brown,Human,Black,Marvel_Comics,normal,good
Luke_Cage,Male,brown,Human,Black,Marvel_Comics,normal,good
ShangChi,Male,brown,Human,Black,Marvel_Comics,normal,good
SpiderMan,Male,brown,Human,Black,Marvel_Comics,normal,good
Agent_Bob,Male,brown,Human,Brown,Marvel_Comics,normal,good
Black_Knight_III,Male,brown,Human,Brown,Marvel_Comics,normal,good
Darkhawk,Male,brown,Human,Brown,Marvel_Comics,normal,good
Moon_Knight,Male,brown,Human,Brown,Marvel_Comics,normal,good
Nova,Male,brown,Human,Brown,Marvel_Comics,normal,good
War_Machine,Male,brown,Human,Brown,Marvel_Comics,normal,good
Winter_Soldier,Male,brown,Human,Brown,Marvel_Comics,normal,good
Brother_Voodoo,Male,brown,Human,Brown_White,Marvel_Comics,normal,good
Nick_Fury,Male,brown,Human,Brown_White,Marvel_Comics,normal,good
Mister_Fantastic,Male,brown,Human_Radiation,Brown,Marvel_Comics,normal,good
Bishop,Male,brown,Mutant,-,Marvel_Comics,normal,good
Sunspot,Male,brown,Mutant,black,Marvel_Comics,normal,good
Warpath,Male,brown,Mutant,Black,Marvel_Comics,normal,good
Spyke,Male,brown,Mutant,Blond,Marvel_Comics,normal,good
Chamber,Male,brown,Mutant,Brown,Marvel_Comics,normal,good
Cyclops,Male,brown,Mutant,Brown,Marvel_Comics,normal,good
Iceman,Male,brown,Mutant,Brown,Marvel_Comics,normal,good
Atlas_mutant,Male,brown,Mutant,Red,Marvel_Comics,normal,good
Hybrid,Male,brown,Symbiote,Black,Marvel_Comics,normal,good
Blade,Male,brown,Vampire,Black,Marvel_Comics,normal,good
Vision,Male,gold,Android,-,Marvel_Comics,red,good
Skaar,Male,green,-,Black,Marvel_Comics,normal,good
Green_Goblin_IV,Male,green,-,Brown,Marvel_Comics,normal,good
Banshee,Male,green,Human,Strawberry_Blond,Marvel_Comics,normal,good
Hulk,Male,green,Human_Radiation,Green,Marvel_Comics,green,good
Triton,Male,green,Inhuman,-,Marvel_Comics,green,good
Legion,Male,green_blue,Mutant,Black,Marvel_Comics,normal,good
Namor,Male,grey,Atlantean,Black,Marvel_Comics,normal,good
Doctor_Strange,Male,grey,Human,Black,Marvel_Comics,normal,good
Justice,Male,hazel,Human,Brown,Marvel_Comics,normal,good
SpiderMan,Male,hazel,Human,Brown,Marvel_Comics,normal,good
Vision_II,Male,red,-,-,Marvel_Comics,normal,good
ManThing,Male,red,-,-,Marvel_Comics,green,good
Wonder_Man,Male,red,-,Black,Marvel_Comics,normal,good
Warlock,Male,red,-,Blond,Marvel_Comics,normal,good
Sasquatch,Male,red,-,Orange,Marvel_Comics,normal,good
Hellstorm,Male,red,-,Red,Marvel_Comics,normal,good
Ghost_Rider,Male,red,Demon,-,Marvel_Comics,normal,good
Captain_Planet,Male,red,God_Eternal,Green,Marvel_Comics,normal,good
SpiderMan,Male,red,Human,Brown,Marvel_Comics,normal,good
Drax_the_Destroyer,Male,red,Human_Altered,-,Marvel_Comics,green,good
Fin_Fang_Foom,Male,red,Kakarantharaian,-,Marvel_Comics,green,good
Gambit,Male,red,Mutant,Brown,Marvel_Comics,normal,good
Colossus,Male,silver,Mutant,Black,Marvel_Comics,normal,good
Morph,Male,white,-,-,Marvel_Comics,normal,good
Silver_Surfer,Male,white,Alien,-,Marvel_Comics,silver,good
Century,Male,white,Alien,White,Marvel_Comics,grey,good
Ymir,Male,white,Frost_Giant,-,Marvel_Comics,white,good
Nightcrawler,Male,yellow,-,Indigo,Marvel_Comics,normal,good
Groot,Male,yellow,Flora_Colossus,-,Marvel_Comics,normal,good
ABomb,Male,yellow,Human,-,Marvel_Comics,normal,good
Indiana_Jones,Male,black,Human,-,George_Lucas,normal,good
Luke_Skywalker,Male,blue,Human,Blond,George_Lucas,normal,good
Han_Solo,Male,brown,Human,Brown,George_Lucas,normal,good
Yoda,Male,brown,Yodas_species,White,George_Lucas,green,good
K2SO,Male,white,Android,-,George_Lucas,gray,good
Jar_Jar_Binks,Male,yellow,Gungan,-,George_Lucas,orange_white,good
Kid_Flash_II,Male,black,-,-,DC_Comics,normal,good
Arsenal,Male,black,Human,-,DC_Comics,normal,good
Bushido,Male,black,Human,-,DC_Comics,normal,good
Flash_III,Male,black,Human,-,DC_Comics,normal,good
Space_Ghost,Male,black,Human,-,DC_Comics,normal,good
Speedy,Male,black,Human,-,DC_Comics,normal,good
Kevin_11,Male,black,Human,Black,DC_Comics,normal,good
Garbage_Man,Male,black,Mutant,-,DC_Comics,normal,good
Mogo,Male,black,Planet,-,DC_Comics,normal,good
Metamorpho,Male,black,-,-,DC_Comics,normal,good
Metron,Male,blue,-,Black,DC_Comics,normal,good
Superboy,Male,blue,-,Black,DC_Comics,normal,good
Alan_Scott,Male,blue,-,Blond,DC_Comics,normal,good
Aquababy,Male,blue,-,Blond,DC_Comics,normal,good
Magog,Male,blue,-,Blond,DC_Comics,normal,good
Blue_Beetle,Male,blue,-,Brown,DC_Comics,normal,good
Blue_Beetle_II,Male,blue,-,Brown,DC_Comics,normal,good
Hawkman,Male,blue,-,Brown,DC_Comics,normal,good
Atom,Male,blue,-,Red,DC_Comics,normal,good
Elongated_Man,Male,blue,-,Red,DC_Comics,normal,good
Lightning_Lad,Male,blue,-,Red,DC_Comics,normal,good
Monarch,Male,blue,-,White,DC_Comics,normal,good
Aqualad,Male,blue,Atlantean,Black,DC_Comics,normal,good
Aquaman,Male,blue,Atlantean,Blond,DC_Comics,normal,good
Alfred_Pennyworth,Male,blue,Human,Black,DC_Comics,normal,good
Batman,Male,blue,Human,black,DC_Comics,normal,good
Batman,Male,blue,Human,Black,DC_Comics,normal,good
Batman_II,Male,blue,Human,Black,DC_Comics,normal,good
Captain_Marvel_II,Male,blue,Human,Black,DC_Comics,normal,good
Deadman,Male,blue,Human,Black,DC_Comics,normal,good
Nightwing,Male,blue,Human,Black,DC_Comics,normal,good
Plastic_Man,Male,blue,Human,Black,DC_Comics,normal,good
Red_Robin,Male,blue,Human,Black,DC_Comics,normal,good
Robin,Male,blue,Human,Black,DC_Comics,normal,good
Robin_III,Male,blue,Human,Black,DC_Comics,normal,good
Robin_V,Male,blue,Human,Black,DC_Comics,normal,good
Adam_Strange,Male,blue,Human,Blond,DC_Comics,normal,good
Animal_Man,Male,blue,Human,Blond,DC_Comics,normal,good
Booster_Gold,Male,blue,Human,Blond,DC_Comics,normal,good
Doctor_Fate,Male,blue,Human,Blond,DC_Comics,normal,good
Flash_II,Male,blue,Human,Blond,DC_Comics,normal,good
John_Constantine,Male,blue,Human,Blond,DC_Comics,normal,good
Question,Male,blue,Human,Blond,DC_Comics,normal,good
Rip_Hunter,Male,blue,Human,Blond,DC_Comics,normal,good
Flash,Male,blue,Human,Brown_White,DC_Comics,normal,good
Robin_II,Male,blue,Human,Red,DC_Comics,normal,good
Rorschach,Male,blue,Human,Red,DC_Comics,normal,good
Captain_Atom,Male,blue,Human_Radiation,Silver,DC_Comics,silver,good
Guy_Gardner,Male,blue,human_Vuldarian,Red,DC_Comics,normal,good
Superman,Male,blue,Kryptonian,Black,DC_Comics,normal,good
Krypto,Male,blue,Kryptonian,White,DC_Comics,normal,good
Abin_Sur,Male,blue,Ungaran,-,DC_Comics,red,good
Simon_Baz,Male,bown,Human,Black,DC_Comics,normal,good
Black_Lightning,Male,brown,-,-,DC_Comics,normal,good
Steel,Male,brown,-,-,DC_Comics,normal,good
Atom_IV,Male,brown,-,Black,DC_Comics,normal,good
Firestorm,Male,brown,-,Black,DC_Comics,normal,good
Osiris,Male,brown,-,Brown,DC_Comics,normal,good
Cyborg,Male,brown,Cyborg,Black,DC_Comics,normal,good
Atom_II,Male,brown,Human,Auburn,DC_Comics,normal,good
Azrael,Male,brown,Human,Black,DC_Comics,normal,good
Blue_Beetle_III,Male,brown,Human,Black,DC_Comics,normal,good
Vibe,Male,brown,Human,Black,DC_Comics,normal,good
Hal_Jordan,Male,brown,Human,Brown,DC_Comics,normal,good
Karate_Kid,Male,brown,Human,Brown,DC_Comics,normal,good
Static,Male,brown,Mutant,Black,DC_Comics,normal,good
Brainiac_5,Male,green,-,Blond,DC_Comics,normal,good
Red_Tornado,Male,green,Android,-,DC_Comics,normal,good
John_Stewart,Male,green,Human,Black,DC_Comics,normal,good
Kyle_Rayner,Male,green,Human,Black,DC_Comics,normal,good
Green_Arrow,Male,green,Human,Blond,DC_Comics,normal,good
Beast_Boy,Male,green,Human,Green,DC_Comics,green,good
Citizen_Steel,Male,green,Human,Red,DC_Comics,normal,good
Kid_Flash,Male,green,Human,Red,DC_Comics,normal,good
Ray,Male,green,Human,Red,DC_Comics,normal,good
Red_Arrow,Male,green,Human,Red,DC_Comics,normal,good
Micro_Lad,Male,grey,-,Brown,DC_Comics,normal,good
Hawk,Male,red,-,Brown,DC_Comics,normal,good
Kilowog,Male,red,Bolovaxian,-,DC_Comics,pink,good
Martian_Manhunter,Male,red,Martian,-,DC_Comics,green,good
Sobek,Male,white,-,-,DC_Comics,normal,good
Spectre,Male,white,God_Eternal,-,DC_Comics,white,good
Dr_Manhattan,Male,white,Human_Cosmic,-,DC_Comics,blue,good
Flash_IV,Male,yellow,Human,Auburn,DC_Comics,normal,good
Impulse,Male,yellow,Human,Auburn,DC_Comics,normal,good
Beetle,Male,black,-,-,Marvel_Comics,normal,bad
Destroyer,Male,black,-,-,Marvel_Comics,normal,bad
Weapon_XI,Male,black,-,-,Marvel_Comics,normal,bad
Blizzard,Male,black,-,Brown,Marvel_Comics,normal,bad
SnakeEyes,Male,black,Animal,-,Marvel_Comics,normal,bad
BirdMan,Male,black,Human,-,Marvel_Comics,normal,bad
BirdMan_II,Male,black,Human,-,Marvel_Comics,normal,bad
Junkpile,Male,black,Mutant,-,Marvel_Comics,normal,bad
Sebastian_Shaw,Male,black,Mutant,-,Marvel_Comics,normal,bad
SpiderCarnage,Male,black,Symbiote,-,Marvel_Comics,normal,bad
Sabretooth,Male,amber,Mutant,Blond,Marvel_Comics,normal,bad
Magus,Male,black,-,-,Marvel_Comics,normal,bad
Fallen_One_II,Male,black,-,Blue,Marvel_Comics,normal,bad
Iron_Monger,Male,blue,-,-,Marvel_Comics,normal,bad
RazorFist_II,Male,blue,-,-,Marvel_Comics,normal,bad
Red_Skull,Male,blue,-,-,Marvel_Comics,normal,bad
Yellow_Claw,Male,blue,-,-,Marvel_Comics,normal,bad
Green_Goblin_II,Male,blue,-,Auburn,Marvel_Comics,normal,bad
Blackwing,Male,blue,-,Black,Marvel_Comics,normal,bad
Jigsaw,Male,blue,-,Black,Marvel_Comics,normal,bad
Pyro,Male,blue,-,Blond,Marvel_Comics,normal,bad
Big_Man,Male,blue,-,Brown,Marvel_Comics,normal,bad
Hobgoblin,Male,blue,-,Grey,Marvel_Comics,normal,bad
AirWalker,Male,blue,-,White,Marvel_Comics,normal,bad
Abraxas,Male,blue,Cosmic_Entity,Black,Marvel_Comics,normal,bad
UtgardLoki,Male,blue,Frost_Giant,White,Marvel_Comics,normal,bad
Absorbing_Man,Male,blue,Human,-,Marvel_Comics,normal,bad
Kingpin,Male,blue,Human,-,Marvel_Comics,normal,bad
Electro,Male,blue,Human,Auburn,Marvel_Comics,normal,bad
Green_Goblin,Male,blue,Human,Auburn,Marvel_Comics,normal,bad
Walrus,Male,blue,Human,Black,Marvel_Comics,normal,bad
Bullseye,Male,blue,Human,blond,Marvel_Comics,normal,bad
Mandarin,Male,blue,Human,White,Marvel_Comics,normal,bad
Exodus,Male,blue,Mutant,Black,Marvel_Comics,red,bad
Mister_Knife,Male,blue,Spartoi,Brown,Marvel_Comics,normal,bad
Venom,Male,blue,Symbiote,Strawberry_Blond,Marvel_Comics,normal,bad
Changeling,Male,brown,-,Black,Marvel_Comics,normal,bad
Moses_Magnum,Male,brown,-,Black,Marvel_Comics,normal,bad
Venom_II,Male,brown,-,Black,Marvel_Comics,normal,bad
Blob,Male,brown,-,Brown,Marvel_Comics,normal,bad
Doctor_Doom_II,Male,brown,-,Brown,Marvel_Comics,normal,bad
HydroMan,Male,brown,-,Brown,Marvel_Comics,normal,bad
Kang,Male,brown,-,Brown,Marvel_Comics,normal,bad
MachIV,Male,brown,-,Brown,Marvel_Comics,normal,bad
Tinkerer,Male,brown,-,White,Marvel_Comics,normal,bad
Ajax,Male,brown,Cyborg,Black,Marvel_Comics,normal,bad
Mysterio,Male,brown,Human,-,Marvel_Comics,normal,bad
Vulture,Male,brown,Human,-,Marvel_Comics,normal,bad
Ammo,Male,brown,Human,Black,Marvel_Comics,normal,bad
Cottonmouth,Male,brown,Human,Black,Marvel_Comics,normal,bad
Diamondback,Male,brown,Human,Black,Marvel_Comics,normal,bad
Kraven_II,Male,brown,Human,Black,Marvel_Comics,normal,bad
Kraven_the_Hunter,Male,brown,Human,Black,Marvel_Comics,normal,bad
Doctor_Doom,Male,brown,Human,Brown,Marvel_Comics,normal,bad
Doctor_Octopus,Male,brown,Human,Brown,Marvel_Comics,normal,bad
Scorpion,Male,brown,Human,Brown,Marvel_Comics,normal,bad
Shocker,Male,brown,Human,Brown,Marvel_Comics,normal,bad
Taskmaster,Male,brown,Human,Brown,Marvel_Comics,normal,bad
Rhino,Male,brown,Human_Radiation,Brown,Marvel_Comics,normal,bad
Venom_III,Male,brown,Symbiote,Brown,Marvel_Comics,normal,bad
Molten_Man,Male,gold,-,Gold,Marvel_Comics,normal,bad
Annihilus,Male,green,-,-,Marvel_Comics,normal,bad
Leader,Male,green,-,-,Marvel_Comics,normal,bad
Vanisher,Male,green,-,-,Marvel_Comics,normal,bad
ProtoGoblin,Male,green,-,Blond,Marvel_Comics,normal,bad
Loki,Male,green,Asgardian,Black,Marvel_Comics,normal,bad
Abomination,Male,green,Human_Radiation,-,Marvel_Comics,normal,bad
Plantman,Male,green,Mutant,Grey,Marvel_Comics,normal,bad
Carnage,Male,green,Symbiote,Red,Marvel_Comics,normal,bad
Tiger_Shark,Male,grey,Human,-,Marvel_Comics,grey,bad
Magneto,Male,grey,Mutant,White,Marvel_Comics,normal,bad
Purple_Man,Male,purple,Human,Purple,Marvel_Comics,purple,bad
Black_Abbott,Male,red,-,Black,Marvel_Comics,normal,bad
Omega_Red,Male,red,-,Blond,Marvel_Comics,normal,bad
Evilhawk,Male,red,Alien,Black,Marvel_Comics,green,bad
Ultron,Male,red,Android,-,Marvel_Comics,silver,bad
Demogoblin,Male,red,Demon,-,Marvel_Comics,normal,bad
Blackout,Male,red,Demon,White,Marvel_Comics,white,bad
Thanos,Male,red,Eternal,-,Marvel_Comics,purple,bad
Lizard,Male,red,Human,-,Marvel_Comics,normal,bad
Klaw,Male,red,Human,-,Marvel_Comics,red,bad
Mister_Sinister,Male,red,Human_Altered,Black,Marvel_Comics,normal,bad
Onslaught,Male,red,Mutant,-,Marvel_Comics,normal,bad
Apocalypse,Male,red,Mutant,Black,Marvel_Comics,grey,bad
Bloodwraith,Male,white,-,-,Marvel_Comics,normal,bad
Doppelganger,Male,white,-,-,Marvel_Comics,normal,bad
Mephisto,Male,white,-,Black,Marvel_Comics,normal,bad
MODOK,Male,white,Cyborg,Brownn,Marvel_Comics,normal,bad
Evil_Deadpool,Male,white,Mutant,Red,Marvel_Comics,normal,bad
Morlun,Male,white_red,-,Black,Marvel_Comics,normal,bad
Dormammu,Male,yellow,-,-,Marvel_Comics,normal,bad
Swarm,Male,yellow,Mutant,-,Marvel_Comics,yellow,bad
Azazel,Male,yellow,Neyaphem,Black,Marvel_Comics,red,bad
Kylo_Ren,Male,black,Human,-,George_Lucas,normal,bad
Stormtrooper,Male,black,Human,-,George_Lucas,normal,bad
Boba_Fett,Male,brown,Human_Clone,Black,George_Lucas,normal,bad
Greedo,Male,purple,Rodian,-,George_Lucas,green,bad
Darth_Vader,Male,yellow,Cyborg,-,George_Lucas,normal,bad
Darth_Maul,Male,yellow_red,Dathomirian_Zabrak,-,George_Lucas,red_black,bad
Mister_Mxyzptlk,Male,black,God_Eternal,-,DC_Comics,normal,bad
Bane,Male,black,Human,-,DC_Comics,normal,bad
Mister_Freeze,Male,black,Human,-,DC_Comics,normal,bad
King_Shark,Male,black,Animal,-,DC_Comics,normal,bad
Black_Manta,Male,black,Human,-,DC_Comics,normal,bad
Riddler,Male,black,Human,black,DC_Comics,normal,bad
TwoFace,Male,black,Human,burned,DC_Comics,normal,bad
General_Zod,Male,black,Kryptonian,Black,DC_Comics,normal,bad
Solomon_Grundy,Male,black,Zombie,White,DC_Comics,normal,bad
Rick_Flag,Male,blue,-,Brown,DC_Comics,normal,bad
Lightning_Lord,Male,blue,-,Red,DC_Comics,normal,bad
Cyborg_Superman,Male,blue,Cyborg,Black,DC_Comics,normal,bad
Atlas,Male,blue,God_Eternal,Brown,DC_Comics,normal,bad
Heat_Wave,Male,blue,Human,-,DC_Comics,normal,bad
Clock_King,Male,blue,Human,Black,DC_Comics,normal,bad
Penguin,Male,blue,Human,Black,DC_Comics,normal,bad
Mister_Zsasz,Male,blue,Human,Blond,DC_Comics,normal,bad
Ozymandias,Male,blue,Human,Blond,DC_Comics,normal,bad
Scarecrow,Male,blue,Human,Brown,DC_Comics,normal,bad
Professor_Zoom,Male,blue,Human,Strawberry_Blond,DC_Comics,normal,bad
SuperboyPrime,Male,blue,Kryptonian,Black_Blue,DC_Comics,normal,bad
Black_Adam,Male,brown,-,Black,DC_Comics,normal,bad
Warp,Male,brown,-,Black,DC_Comics,normal,bad
Deadshot,Male,brown,Human,Brown,DC_Comics,normal,bad
Brainiac,Male,green,Android,-,DC_Comics,green,bad
Metallo,Male,green,Android,Brown,DC_Comics,normal,bad
Lex_Luthor,Male,green,Human,-,DC_Comics,normal,bad
Joker,Male,green,Human,Green,DC_Comics,white,bad
Ras_Al_Ghul,Male,green,Human,Grey,DC_Comics,normal,bad
Doomsday,Male,red,Alien,White,DC_Comics,normal,bad
Amazo,Male,red,Android,-,DC_Comics,normal,bad
Swamp_Thing,Male,red,God_Eternal,-,DC_Comics,green,bad
Zoom,Male,red,Human,Brown,DC_Comics,normal,bad
Killer_Croc,Male,red,Metahuman,-,DC_Comics,green,bad
Darkseid,Male,red,New_God,-,DC_Comics,grey,bad
Steppenwolf,Male,red,New_God,Black,DC_Comics,white,bad
AntiMonitor,Male,yellow,God_Eternal,-,DC_Comics,normal,bad
Trigon,Male,yellow,God_Eternal,Black,DC_Comics,red,bad
Gorilla_Grodd,Male,yellow,Gorilla,Black,DC_Comics,normal,bad
Copycat,Female,red,Mutant,White,Marvel_Comics,blue,neutral
Indigo,Female,black,Alien,Purple,DC_Comics,normal,neutral
Robin_VI,Female,green,Human,Red,DC_Comics,normal,neutral
Raven,Female,indigo,Human,Black,DC_Comics,normal,neutral
Bling,Female,black,-,-,Marvel_Comics,normal,good
Boomer,Female,black,-,-,Marvel_Comics,normal,good
Cat_II,Female,black,-,-,Marvel_Comics,normal,good
Meteorite,Female,black,-,-,Marvel_Comics,normal,good
Penance_I,Female,black,-,-,Marvel_Comics,normal,good
SpiderWoman_II,Female,black,-,-,Marvel_Comics,normal,good
Stacy_X,Female,black,-,-,Marvel_Comics,normal,good
Wondra,Female,black,-,-,Marvel_Comics,normal,good
Luna,Female,black,Human,-,Marvel_Comics,normal,good
Cerebra,Female,black,Mutant,-,Marvel_Comics,normal,good
Armor,Female,black,-,Black,Marvel_Comics,normal,good
Negasonic_Teenage_Warhead,Female,black,Mutant,Black,Marvel_Comics,normal,good
Jolt,Female,blue,-,Black,Marvel_Comics,normal,good
Sage,Female,blue,-,Black,Marvel_Comics,normal,good
Agent_13,Female,blue,-,Blond,Marvel_Comics,normal,good
Binary,Female,blue,-,Blond,Marvel_Comics,normal,good
Black_Widow_II,Female,blue,-,Blond,Marvel_Comics,normal,good
Cat,Female,blue,-,Blond,Marvel_Comics,normal,good
Dagger,Female,blue,-,Blond,Marvel_Comics,normal,good
Emma_Frost,Female,blue,-,Blond,Marvel_Comics,normal,good
Jennifer_Kale,Female,blue,-,Blond,Marvel_Comics,normal,good
Meltdown,Female,blue,-,Blond,Marvel_Comics,normal,good
Namora,Female,blue,-,Blond,Marvel_Comics,normal,good
Namorita,Female,blue,-,Blond,Marvel_Comics,normal,good
Ultragirl,Female,blue,-,Blond,Marvel_Comics,normal,good
Valkyrie,Female,blue,-,Blond,Marvel_Comics,normal,good
Warbird,Female,blue,-,Blond,Marvel_Comics,normal,good
White_Queen,Female,blue,-,Blond,Marvel_Comics,normal,good
Hollow,Female,blue,-,Red,Marvel_Comics,normal,good
Ms_Marvel_II,Female,blue,-,Red,Marvel_Comics,normal,good
Vertigo_II,Female,blue,-,Silver,Marvel_Comics,normal,good
Vagabond,Female,blue,-,Strawberry_Blond,Marvel_Comics,normal,good
Frigga,Female,blue,-,White,Marvel_Comics,normal,good
Sif,Female,blue,Asgardian,Black,Marvel_Comics,normal,good
Thor_Girl,Female,blue,Asgardian,Blond,Marvel_Comics,normal,good
Wasp,Female,blue,Human,Auburn,Marvel_Comics,normal,good
Elektra,Female,blue,Human,Black,Marvel_Comics,normal,good
Hawkeye_II,Female,blue,Human,Black,Marvel_Comics,normal,good
Domino,Female,blue,Human,Black,Marvel_Comics,white,good
Arachne,Female,blue,Human,Blond,Marvel_Comics,normal,good
Mockingbird,Female,blue,Human,Blond,Marvel_Comics,normal,good
SpiderGwen,Female,blue,Human,Blond,Marvel_Comics,normal,good
SpiderGirl,Female,blue,Human,Brown,Marvel_Comics,normal,good
Hellcat,Female,blue,Human,Red,Marvel_Comics,normal,good
Yellowjacket_II,Female,blue,Human,Strawberry_Blond,Marvel_Comics,normal,good
Captain_Marvel,Female,blue,human_Kree,Blond,Marvel_Comics,normal,good
SheThing,Female,blue,Human_Radiation,-,Marvel_Comics,normal,good
Invisible_Woman,Female,blue,Human_Radiation,Blond,Marvel_Comics,normal,good
Aurora,Female,blue,Mutant,Black,Marvel_Comics,normal,good
BoomBoom,Female,blue,Mutant,Blond,Marvel_Comics,normal,good
Dazzler,Female,blue,Mutant,Blond,Marvel_Comics,normal,good
Husk,Female,blue,Mutant,Blond,Marvel_Comics,normal,good
Psylocke,Female,blue,Mutant,Purple,Marvel_Comics,normal,good
Storm,Female,blue,Mutant,White,Marvel_Comics,normal,good
Angel_Salvadore,Female,brown,-,Black,Marvel_Comics,normal,good
Firebird,Female,brown,-,Black,Marvel_Comics,normal,good
Silverclaw,Female,brown,-,Black,Marvel_Comics,normal,good
Tempest,Female,brown,-,Black,Marvel_Comics,normal,good
SpiderWoman_III,Female,brown,-,Brown,Marvel_Comics,normal,good
Silk,Female,brown,Human,Black,Marvel_Comics,normal,good
Jessica_Jones,Female,brown,Human,Brown,Marvel_Comics,normal,good
Darkstar,Female,brown,Mutant,Blond,Marvel_Comics,normal,good
Tigra,Female,green,-,Auburn,Marvel_Comics,normal,good
Wolfsbane,Female,green,-,Auburn,Marvel_Comics,normal,good
Ripcord,Female,green,-,Black,Marvel_Comics,normal,good
Rogue,Female,green,-,Brown_White,Marvel_Comics,normal,good
Lyja,Female,green,-,Green,Marvel_Comics,normal,good
Hope_Summers,Female,green,-,Red,Marvel_Comics,normal,good
Marvel_Girl,Female,green,-,Red,Marvel_Comics,normal,good
Thundra,Female,green,-,Red,Marvel_Comics,normal,good
Songbird,Female,green,-,Red_White,Marvel_Comics,normal,good
Black_Widow,Female,green,Human,Auburn,Marvel_Comics,normal,good
SpiderWoman,Female,green,Human,Black,Marvel_Comics,normal,good
Black_Cat,Female,green,Human,Blond,Marvel_Comics,normal,good
SheHulk,Female,green,Human,Green,Marvel_Comics,normal,good
Vindicator_girl,Female,green,Human,Red,Marvel_Comics,normal,good
Mantis,Female,green,human_Kree,Black,Marvel_Comics,green,good
Crystal,Female,green,Inhuman,Red,Marvel_Comics,normal,good
Medusa,Female,green,Inhuman,Red,Marvel_Comics,normal,good
Polaris,Female,green,Mutant,Green,Marvel_Comics,normal,good
Blink,Female,green,Mutant,Magenta,Marvel_Comics,pink,good
Firestar,Female,green,Mutant,Red,Marvel_Comics,normal,good
Jean_Grey,Female,green,Mutant,Red,Marvel_Comics,normal,good
Phoenix,Female,green,Mutant,Red,Marvel_Comics,normal,good
X23,Female,green,Mutant_Clone,Black,Marvel_Comics,normal,good
Shadowcat,Female,hazel,Mutant,Brown,Marvel_Comics,normal,good
Ariel,Female,purple,-,Pink,Marvel_Comics,normal,good
Jubilee,Female,red,Mutant,Black,Marvel_Comics,normal,good
Snowbird,Female,white,-,Blond,Marvel_Comics,normal,good
Ardina,Female,white,Alien,Orange,Marvel_Comics,gold,good
Nova_girl,Female,white,Human_Cosmic,Red,Marvel_Comics,gold,good
Angel_Dust,Female,yellow,Mutant,Black,Marvel_Comics,normal,good
Gamora,Female,yellow,Zen_Whoberian,Black,Marvel_Comics,green,good
Shriek,Female,yellow_blue,-,Black,Marvel_Comics,normal,good
Jyn_Erso,Female,green,Human,Brown,George_Lucas,normal,good
Rey,Female,hazel,Human,Brown,George_Lucas,normal,good
Hawkwoman_II,Female,black,-,-,DC_Comics,normal,good
Isis,Female,black,-,-,DC_Comics,normal,good
Shrinking_Violet,Female,black,-,-,DC_Comics,normal,good
Silk_Spectre,Female,black,-,-,DC_Comics,normal,good
Silk_Spectre_II,Female,black,-,-,DC_Comics,normal,good
Fighting_Spirit,Female,black,-,Red,DC_Comics,normal,good
Jesse_Quick,Female,black,Human,-,DC_Comics,normal,good
Vixen,Female,amber,Human,Black,DC_Comics,normal,good
Atom_Girl,Female,black,-,Black,DC_Comics,normal,good
Shadow_Lass,Female,black,Talokite,Black,DC_Comics,blue,good
Huntress,Female,blue,-,Black,DC_Comics,normal,good
Phantom_Girl,Female,blue,-,Black,DC_Comics,normal,good
Hawkwoman_III,Female,blue,-,Red,DC_Comics,normal,good
Light_Lass,Female,blue,-,Red,DC_Comics,normal,good
Misfit,Female,blue,-,Red,DC_Comics,normal,good
Donna_Troy,Female,blue,Amazon,Black,DC_Comics,normal,good
Wonder_Woman,Female,blue,Amazon,Black,DC_Comics,normal,good
Mera,Female,blue,Atlantean,Red,DC_Comics,normal,good
Wonder_Girl,Female,blue,Demi_God,Blond,DC_Comics,normal,good
Zatanna,Female,blue,Human,Black,DC_Comics,normal,good
Black_Canary,Female,blue,Human,Blond,DC_Comics,normal,good
Enchantress,Female,blue,Human,Blond,DC_Comics,normal,good
Stargirl,Female,blue,Human,Blond,DC_Comics,normal,good
Oracle,Female,blue,Human,Red,DC_Comics,normal,good
Power_Girl,Female,blue,Kryptonian,blond,DC_Comics,normal,good
Supergirl,Female,blue,Kryptonian,Blond,DC_Comics,normal,good
Bumblebee,Female,brown,Human,Black,DC_Comics,normal,good
Hawkgirl,Female,green,-,Red,DC_Comics,normal,good
Hawkwoman,Female,green,-,Red,DC_Comics,normal,good
Catwoman,Female,green,Human,Black,DC_Comics,normal,good
Jessica_Cruz,Female,green,Human,Brown,DC_Comics,normal,good
Speedy_girl,Female,green,Human,Brown,DC_Comics,normal,good
Batgirl,Female,green,Human,Red,DC_Comics,normal,good
Batwoman_V,Female,green,Human,Red,DC_Comics,normal,good
Starfire,Female,green,Tamaranean,Auburn,DC_Comics,orange,good
Triplicate_Girl,Female,purple,-,Brown,DC_Comics,normal,good
Miss_Martian,Female,red,-,Red,DC_Comics,normal,good
Lady_Bullseye,Female,black,-,Black,Marvel_Comics,normal,bad
Callisto,Female,blue,-,Black,Marvel_Comics,normal,bad
Moonstone,Female,blue,-,Blond,Marvel_Comics,normal,bad
Siryn,Female,blue,-,Strawberry_Blond,Marvel_Comics,normal,bad
Bloodaxe,Female,blue,Human,Brown,Marvel_Comics,normal,bad
Nebula,Female,blue,Luphomoid,-,Marvel_Comics,blue,bad
Scarlet_Witch,Female,blue,Mutant,Brown,Marvel_Comics,normal,bad
Frenzy,Female,brown,-,Black,Marvel_Comics,normal,bad
Lady_Deathstrike,Female,brown,Cyborg,Black,Marvel_Comics,normal,bad
Black_Mamba,Female,green,-,Black,Marvel_Comics,normal,bad
Goblin_Queen,Female,green,-,Red,Marvel_Comics,normal,bad
Scorpia,Female,green,-,Red,Marvel_Comics,normal,bad
Hela,Female,green,Asgardian,Black,Marvel_Comics,normal,bad
SpiderWoman_IV,Female,red,-,White,Marvel_Comics,normal,bad
Arclight,Female,violet,-,Purple,Marvel_Comics,normal,bad
Mystique,Female,yellow,Mutant,Red_Orange,Marvel_Comics,blue,bad
Faora,Female,black,Kryptonian,-,DC_Comics,normal,bad
Siren_II,Female,black,-,-,DC_Comics,normal,bad
Plastique,Female,blue,-,Red,DC_Comics,normal,bad
Granny_Goodness,Female,blue,-,White,DC_Comics,normal,bad
Siren,Female,blue,Atlantean,Purple,DC_Comics,normal,bad
Harley_Quinn,Female,blue,Human,Blond,DC_Comics,normal,bad
Killer_Frost,Female,blue,Human,Blond,DC_Comics,blue,bad
Big_Barda,Female,blue,New_God,Black,DC_Comics,normal,bad
Maxima,Female,brown,-,Red,DC_Comics,normal,bad
White_Canary,Female,brown,Human,Black,DC_Comics,normal,bad
Cheetah_III,Female,brown,Human,Brown,DC_Comics,normal,bad
Giganta,Female,green,-,Red,DC_Comics,normal,bad
Cheetah,Female,green,Human,Blond,DC_Comics,normal,bad
Cheetah_II,Female,green,Human,Brown,DC_Comics,normal,bad
Poison_Ivy,Female,green,Human,Red,DC_Comics,green,bad
